{"1": {"kuning_kotak": {"c": [0.0037500000000000007, 0.0037500000000000007], "l": [0.0037500000000000007, 0.0037500000000000007], "r": [0.0037500000000000007, 0.0037500000000000007]}, "hijau_tua": {"c": [0.0037500000000000007, 0.0037500000000000007], "l": [0.0037500000000000007, 0.0037500000000000007], "r": [0.0037500000000000007, 0.0037500000000000007]}, "biru_muda": {"c": [0.0037500000000000007, 0.0037500000000000007], "l": [0.0037500000000000007, 0.0037500000000000007], "r": [0.0037500000000000007, 0.0037500000000000007]}, "biru_telur_unta": {"c": [0.0037500000000000007, 0.0037500000000000007], "l": [0.0037500000000000007, 0.0037500000000000007], "r": [0.0037500000000000007, 0.0037500000000000007]}, "oranye_kotak": {"c": [0.0037500000000000007, 0.0037500000000000007], "l": [0.0037500000000000007, 0.0037500000000000007], "r": [0.0037500000000000007, 0.0037500000000000007]}, "pink_kotak": {"c": [0.0037500000000000007, 0.0037500000000000007], "l": [0.0037500000000000007, 0.0037500000000000007], "r": [0.0037500000000000007, 0.0037500000000000007]}, "ungu": {"c": [0.0037500000000000007, 0.0037500000000000007], "l": [0.0037500000000000007, 0.0037500000000000007], "r": [0.0037500000000000007, 0.0037500000000000007]}, "biru_kotak": {"c": [0.0037500000000000007, 0.0037500000000000007], "l": [0.0037500000000000007, 0.0037500000000000007], "r": [0.0037500000000000007, 0.0037500000000000007]}}, "2": {"kuning_kotak": {"c": [1566.4537500000001, 261.30375], "l": [1492.2037500000001, 220.42874999999998], "r": [1505.85375, 268.12875]}, "hijau_tua": {"c": [850.6537500000001, 210.60375000000002], "l": [818.10375, 184.05375], "r": [842.32875, 169.65375]}, "biru_muda": {"c": [1059.6787500000003, 451.42875000000004], "l": [1013.47875, 409.05375000000004], "r": [1035.4537500000001, 417.37875]}, "biru_telur_unta": {"c": [1451.3287500000001, 227.25375000000003], "l": [1384.65375, 188.62875000000003], "r": [1402.8037500000003, 230.25375000000003]}, "oranye_kotak": {"c": [952.8787500000001, 195.45375], "l": [917.32875, 168.90375], "r": [943.0537500000003, 168.15375]}, "pink_kotak": {"c": [1314.22875, 212.10375000000002], "l": [1255.87875, 176.47875], "r": [1276.35375, 209.10375000000002]}, "ungu": {"c": [1208.9287500000003, 453.00375], "l": [1152.90375, 409.80375000000004], "r": [1174.0537500000003, 427.95375]}, "biru_kotak": {"c": [733.20375, 216.67874999999998], "l": [705.97875, 191.62875000000003], "r": [730.20375, 169.65375]}}, "3": {"kuning_kotak": {"c": [1581.3037500000003, 263.47875], "l": [1507.27875, 222.67874999999998], "r": [1520.9287500000003, 272.25375]}, "hijau_tua": {"c": [858.82875, 212.92874999999998], "l": [826.4287500000003, 185.47875000000002], "r": [851.5537500000003, 171.07874999999999]}, "biru_muda": {"c": [1070.1787500000003, 454.95375], "l": [1024.12875, 412.72874999999993], "r": [1046.02875, 420.97874999999993]}, "biru_telur_unta": {"c": [1465.5787500000001, 229.50375000000003], "l": [1399.12875, 189.97875000000002], "r": [1416.22875, 232.50375000000003]}, "oranye_kotak": {"c": [962.7787500000001, 196.80374999999998], "l": [926.32875, 170.32874999999999], "r": [951.97875, 169.57874999999999]}, "pink_kotak": {"c": [1326.90375, 213.37875000000003], "l": [1267.72875, 177.90375], "r": [1289.1787500000003, 211.42874999999998]}, "ungu": {"c": [1220.9287500000003, 457.50375], "l": [1164.0787500000001, 413.47874999999993], "r": [1185.22875, 432.52875]}, "biru_kotak": {"c": [740.7787500000001, 218.92874999999998], "l": [712.6537500000001, 194.02874999999997], "r": [737.7787500000001, 171.07874999999999]}}, "4": {"kuning_kotak": {"c": [1581.4537500000001, 264.37875], "l": [1507.5787500000001, 222.67874999999998], "r": [1521.15375, 272.02875]}, "hijau_tua": {"c": [859.0537500000003, 211.95375], "l": [826.72875, 185.62875000000003], "r": [851.70375, 170.32874999999999]}, "biru_muda": {"c": [1070.40375, 456.07875], "l": [1023.45375, 412.87875], "r": [1046.3287500000001, 421.12875]}, "biru_telur_unta": {"c": [1465.27875, 228.52874999999997], "l": [1398.97875, 190.12875000000003], "r": [1416.15375, 232.50375000000003]}, "oranye_kotak": {"c": [962.32875, 197.17874999999998], "l": [926.32875, 170.55375], "r": [951.9037500000001, 169.80375]}, "pink_kotak": {"c": [1327.0537500000003, 213.52874999999997], "l": [1267.35375, 178.12875], "r": [1289.7037500000001, 211.42874999999998]}, "ungu": {"c": [1220.7037500000001, 457.50375], "l": [1164.00375, 413.62875], "r": [1185.15375, 432.60374999999993]}, "biru_kotak": {"c": [740.6287500000001, 218.92874999999998], "l": [712.57875, 194.10375000000002], "r": [737.6287500000001, 171.30375]}}}